Workbook

Sheet Load Factor Sheet June Airl
A2: Date | B2: 4000 (13*200) | C2: INDIGO A320 (6E) | F2: 234 (78*3) | G2: INDIGO ATR (6E) | J2: 200*2 400 | K2: AIR INDIA (AI) | N2: 1200 (05*200) | O2: AIR INDIA EXPRESS (IX) | R2: 200 (01*200) | S2: SCOOT (TR) | V2: 09 (01*09) | W2: INIDA ONE (I7) | Z2: Load Factor
B3: ARR LOAD FACTOR | C3: ARR PAX | D3: Dep Load Factor | E3: DEP PAX | F3: ARR LOAD FACTOR | G3: ARR PAX | H3: Dep Load Factor | I3: DEP PAX | J3: ARR LOAD FACTOR | K3: ARR PAX | L3: Dep Load Factor | M3: DEP PAX | N3: ARR LOAD FACTOR | O3: ARR PAX | P3: Dep Load Factor | Q3: DEP PAX | R3: ARR LOAD FACTOR | S3: ARR PAX | T3: Dep Load Factor | U3: DEP PAX | V3: ARR LOAD FACTOR | W3: ARR PAX | X3: Dep Load Factor | Y3: DEP PAX | Z3: ARR | AA3: DEP | AB3: Combined Load Factor
A4: 46204 | B4: =C4/(18*200)/1 -> 0.68944444 | C4: ='Load Factor Sheet June Acft '!C4-K4-O4-S4 -> 2482 | D4: =E4/(18*200)/1 -> 0.74444444 | E4: ='Load Factor Sheet June Acft '!E4-M4-Q4-U4 -> 2680 | F4: ='Load Factor Sheet June Acft '!F4 -> 0.67948718 | G4: ='Load Factor Sheet June Acft '!G4 -> 159 | H4: ='Load Factor Sheet June Acft '!H4 -> 0.92735043 | I4: ='Load Factor Sheet June Acft '!I4 -> 217 | J4: =K4/(2*200)/1 -> 0.875 | K4: 350 | L4: =M4/(2*200)/1 -> 0.8025 | M4: 321 | N4: =O4/(5*200)*1 -> 0.591 | O4: 591 | P4: =Q4/(5*200)*1 -> 0.683 | Q4: 683 | R4: =S4/(1*200)*1 -> 0.7 | S4: 140 | T4: =U4/(1*200)*1 -> 0.87 | U4: 174 | V4: ='Load Factor Sheet June Acft '!J4 -> 0.45 | W4: ='Load Factor Sheet June Acft '!K4 -> 5 | X4: ='Load Factor Sheet June Acft '!L4 -> 0 | Y4: ='Load Factor Sheet June Acft '!M4 -> 0 | Z4: ='Load Factor Sheet June Acft '!N4 -> 0.80271376 | AA4: ='Load Factor Sheet June Acft '!Q4 -> 0.8776653 | AB4: ='Load Factor Sheet June Acft '!T4 -> 0.84018953
A5: 46205 | B5: =C5/(12*200)/1 -> 0.92625 | C5: ='Load Factor Sheet June Acft '!C5-K5-O5-S5 -> 2223 | D5: =E5/(14*200)/1 -> 0.91107143 | E5: ='Load Factor Sheet June Acft '!E5-M5-Q5-U5 -> 2551 | F5: ='Load Factor Sheet June Acft '!F5 -> 0.63247863 | G5: ='Load Factor Sheet June Acft '!G5 -> 148 | H5: ='Load Factor Sheet June Acft '!H5 -> 0.74786325 | I5: ='Load Factor Sheet June Acft '!I5 -> 175 | J5: =K5/(2*200)/1 -> 0.885 | K5: 354 | L5: =M5/(2*200)/1 -> 0.8625 | M5: 345 | N5: =O5/(5*200)*1 -> 0.323 | O5: 323 | P5: =Q5/(5*200)*1 -> 0.506 | Q5: 506 | R5: =S5/(1*200)*1 -> 0 | S5: 0 | T5: =U5/(1*200)*1 -> 0 | U5: 0 | V5: ='Load Factor Sheet June Acft '!J5 -> 0 | W5: ='Load Factor Sheet June Acft '!K5 -> 0 | X5: ='Load Factor Sheet June Acft '!L5 -> 0.18 | Y5: ='Load Factor Sheet June Acft '!M5 -> 2 | Z5: ='Load Factor Sheet June Acft '!N5 -> 0.65647211 | AA5: ='Load Factor Sheet June Acft '!Q5 -> 0.77083782 | AB5: ='Load Factor Sheet June Acft '!T5 -> 0.71365496
A6: 46206 | B6: =C6/(13*200)/1 -> 0.93038462 | C6: ='Load Factor Sheet June Acft '!C6-K6-O6-S6 -> 2419 | D6: =E6/(13*200)/1 -> 0.96038462 | E6: ='Load Factor Sheet June Acft '!E6-M6-Q6-U6 -> 2497 | F6: ='Load Factor Sheet June Acft '!F6 -> 0.85897436 | G6: ='Load Factor Sheet June Acft '!G6 -> 201 | H6: ='Load Factor Sheet June Acft '!H6 -> 0.66666667 | I6: ='Load Factor Sheet June Acft '!I6 -> 156 | J6: =K6/(2*200)/1 -> 0.8525 | K6: 341 | L6: =M6/(2*200)/1 -> 0.85 | M6: 340 | N6: =O6/(5*200)*1 -> 0.643 | O6: 643 | P6: =Q6/(5*200)*1 -> 0.78 | Q6: 780 | R6: =S6/(1*200)*1 -> 0.805 | S6: 161 | T6: =U6/(1*200)*1 -> 0.83 | U6: 166 | V6: ='Load Factor Sheet June Acft '!J6 -> 0.36 | W6: ='Load Factor Sheet June Acft '!K6 -> 4 | X6: ='Load Factor Sheet June Acft '!L6 -> 0.72 | Y6: ='Load Factor Sheet June Acft '!M6 -> 8 | Z6: ='Load Factor Sheet June Acft '!N6 -> 0.81175964 | AA6: ='Load Factor Sheet June Acft '!Q6 -> 0.85009692 | AB6: ='Load Factor Sheet June Acft '!T6 -> 0.83092828
A7: 46207 | B7: =C7/(14*200)/1 -> 0.88714286 | C7: ='Load Factor Sheet June Acft '!C7-K7-O7-S7 -> 2484 | D7: =E7/(14*200)/1 -> 0.88714286 | E7: ='Load Factor Sheet June Acft '!E7-M7-Q7-U7 -> 2484 | F7: ='Load Factor Sheet June Acft '!F7 -> 0.9017094 | G7: ='Load Factor Sheet June Acft '!G7 -> 211 | H7: ='Load Factor Sheet June Acft '!H7 -> 0.9017094 | I7: ='Load Factor Sheet June Acft '!I7 -> 211 | J7: =K7/(2*200)/1 -> 0.8725 | K7: 349 | L7: =M7/(2*200)/1 -> 0.8725 | M7: 349 | N7: =O7/(5*200)*1 -> 0.648 | O7: 648 | P7: =Q7/(5*200)*1 -> 0.648 | Q7: 648 | R7: =S7/(1*200)*1 -> 0 | S7: 0 | T7: =U7/(1*200)*1 -> 0 | U7: 0 | V7: ='Load Factor Sheet June Acft '!J7 -> 0.72 | W7: ='Load Factor Sheet June Acft '!K7 -> 8 | X7: ='Load Factor Sheet June Acft '!L7 -> 0.72 | Y7: ='Load Factor Sheet June Acft '!M7 -> 8 | Z7: ='Load Factor Sheet June Acft '!N7 -> 0.83277065 | AA7: ='Load Factor Sheet June Acft '!Q7 -> 0.83277065 | AB7: ='Load Factor Sheet June Acft '!T7 -> 0.83277065
A8: 46208 | B8: =C8/(14*200)/1 -> 0.89535714 | C8: ='Load Factor Sheet June Acft '!C8-K8-O8-S8 -> 2507 | D8: =E8/(14*200)/1 -> 0.9175 | E8: ='Load Factor Sheet June Acft '!E8-M8-Q8-U8 -> 2569 | F8: ='Load Factor Sheet June Acft '!F8 -> 0.85042735 | G8: ='Load Factor Sheet June Acft '!G8 -> 199 | H8: ='Load Factor Sheet June Acft '!H8 -> 0.74786325 | I8: ='Load Factor Sheet June Acft '!I8 -> 175 | J8: =K8/(2*200)/1 -> 0.8875 | K8: 355 | L8: =M8/(2*200)/1 -> 0.855 | M8: 342 | N8: =O8/(5*200)*1 -> 0.632 | O8: 632 | P8: =Q8/(5*200)*1 -> 0.714 | Q8: 714 | R8: =S8/(1*200)*1 -> 0.785 | S8: 157 | T8: =U8/(1*200)*1 -> 0.75 | U8: 150 | V8: ='Load Factor Sheet June Acft '!J8 -> 0.27 | W8: ='Load Factor Sheet June Acft '!K8 -> 3 | X8: ='Load Factor Sheet June Acft '!L8 -> 0.09 | Y8: ='Load Factor Sheet June Acft '!M8 -> 1 | Z8: ='Load Factor Sheet June Acft '!N8 -> 0.86720684 | AA8: ='Load Factor Sheet June Acft '!Q8 -> 0.88926401 | AB8: ='Load Factor Sheet June Acft '!T8 -> 0.87823543
A9: 46209 | B9: =C9/(13*200)/1 -> 0.94961538 | C9: ='Load Factor Sheet June Acft '!C9-K9-O9-S9 -> 2469 | D9: =E9/(14*200)/1 -> 0.94214286 | E9: ='Load Factor Sheet June Acft '!E9-M9-Q9-U9 -> 2638 | F9: ='Load Factor Sheet June Acft '!F9 -> 0.74358974 | G9: ='Load Factor Sheet June Acft '!G9 -> 174 | H9: ='Load Factor Sheet June Acft '!H9 -> 0.78632479 | I9: ='Load Factor Sheet June Acft '!I9 -> 184 | J9: =K9/(2*200)/1 -> 0.895 | K9: 358 | L9: =M9/(2*200)/1 -> 0.83 | M9: 332 | N9: =O9/(5*200)*1 -> 0.684 | O9: 684 | P9: =Q9/(5*200)*1 -> 0.728 | Q9: 728 | R9: =S9/(1*200)*1 -> 0.75 | S9: 150 | T9: =U9/(1*200)*1 -> 0.78 | U9: 156 | V9: ='Load Factor Sheet June Acft '!J9 -> 0.81 | W9: ='Load Factor Sheet June Acft '!K9 -> 9 | X9: ='Load Factor Sheet June Acft '!L9 -> 0.27 | Y9: ='Load Factor Sheet June Acft '!M9 -> 3 | Z9: ='Load Factor Sheet June Acft '!N9 -> 0.86518118 | AA9: ='Load Factor Sheet June Acft '!Q9 -> 0.90952059 | AB9: ='Load Factor Sheet June Acft '!T9 -> 0.88735089
A10: 46210 | B10: =C10/(14*200)/1 -> 0.95892857 | C10: ='Load Factor Sheet June Acft '!C10-K10-O10-S10 -> 2685 | D10: =E10/(14*200)/1 -> 0.96607143 | E10: ='Load Factor Sheet June Acft '!E10-M10-Q10-U10 -> 2705 | F10: ='Load Factor Sheet June Acft '!F10 -> 0.62820513 | G10: ='Load Factor Sheet June Acft '!G10 -> 147 | H10: ='Load Factor Sheet June Acft '!H10 -> 0.71367521 | I10: ='Load Factor Sheet June Acft '!I10 -> 167 | J10: =K10/(2*200)/1 -> 0.8475 | K10: 339 | L10: =M10/(2*200)/1 -> 0.805 | M10: 322 | N10: =O10/(5*200)*1 -> 0.635 | O10: 635 | P10: =Q10/(5*200)*1 -> 0.786 | Q10: 786 | R10: =S10/(1*200)*1 -> 0 | S10: 0 | T10: =U10/(1*200)*1 -> 0 | U10: 0 | V10: ='Load Factor Sheet June Acft '!J10 -> 0.45 | W10: ='Load Factor Sheet June Acft '!K10 -> 5 | X10: ='Load Factor Sheet June Acft '!L10 -> 0.63 | Y10: ='Load Factor Sheet June Acft '!M10 -> 7 | Z10: ='Load Factor Sheet June Acft '!N10 -> 0.85775377 | AA10: ='Load Factor Sheet June Acft '!Q10 -> 0.89736664 | AB10: ='Load Factor Sheet June Acft '!T10 -> 0.87756021
A11: 46211 | B11: =C11/(14*200)/1 -> 0.94642857 | C11: ='Load Factor Sheet June Acft '!C11-K11-O11-S11 -> 2650 | D11: =E11/(14*200)/1 -> 0.88214286 | E11: ='Load Factor Sheet June Acft '!E11-M11-Q11-U11 -> 2470 | F11: ='Load Factor Sheet June Acft '!F11 -> 0.7991453 | G11: ='Load Factor Sheet June Acft '!G11 -> 187 | H11: ='Load Factor Sheet June Acft '!H11 -> 0.71794872 | I11: ='Load Factor Sheet June Acft '!I11 -> 168 | J11: =K11/(2*200)/1 -> 0.83 | K11: 332 | L11: =M11/(2*200)/1 -> 0.7575 | M11: 303 | N11: =O11/(5*200)*1 -> 0.648 | O11: 648 | P11: =Q11/(5*200)*1 -> 0.743 | Q11: 743 | R11: =S11/(1*200)*1 -> 0 | S11: 0 | T11: =U11/(1*200)*1 -> 0 | U11: 0 | V11: ='Load Factor Sheet June Acft '!J11 -> 0 | W11: ='Load Factor Sheet June Acft '!K11 -> 0 | X11: ='Load Factor Sheet June Acft '!L11 -> 0.27 | Y11: ='Load Factor Sheet June Acft '!M11 -> 3 | Z11: ='Load Factor Sheet June Acft '!N11 -> 0.85910421 | AA11: ='Load Factor Sheet June Acft '!Q11 -> 0.8298447 | AB11: ='Load Factor Sheet June Acft '!T11 -> 0.84447445
A12: 46212 | B12: =C12/(12*200)/1 -> 1.01375 | C12: ='Load Factor Sheet June Acft '!C12-K12-O12-S12 -> 2433 | D12: =E12/(12*200)/1 -> 0.87708333 | E12: ='Load Factor Sheet June Acft '!E12-M12-Q12-U12 -> 2105 | F12: 0.6795 | G12: 146 | H12: 0.92735043 | I12: 191 | J12: =K12/(2*200)/1 -> 0.855 | K12: 342 | L12: =M12/(2*200)/1 -> 0.75 | M12: 300 | N12: =O12/(5*200)*1 -> 0.684 | O12: 684 | P12: =Q12/(5*200)*1 -> 0.697 | Q12: 697 | R12: 0.75 | S12: 0 | T12: =U12/(1*200)*1 -> 0 | U12: 0 | V12: 0.45 | W12: 9 | X12: ='Load Factor Sheet June Acft '!L12 -> 0.18 | Y12: 6 | Z12: ='Load Factor Sheet June Acft '!N12 -> 0.85010606 | AA12: ='Load Factor Sheet June Acft '!Q12 -> 0.77657318 | AB12: ='Load Factor Sheet June Acft '!T12 -> 0.81333962
A13: 46213 | B13: =C13/(14*200)/1 -> 0.93821429 | C13: ='Load Factor Sheet June Acft '!C13-K13-O13-S13 -> 2627 | D13: =E13/(13*200)/1 -> 0.97076923 | E13: ='Load Factor Sheet June Acft '!E13-M13-Q13-U13 -> 2524 | F13: ='Load Factor Sheet June Acft '!F13 -> 0.83760684 | G13: ='Load Factor Sheet June Acft '!G13 -> 196 | H13: ='Load Factor Sheet June Acft '!H13 -> 0.73076923 | I13: ='Load Factor Sheet June Acft '!I13 -> 171 | J13: =K13/(2*200)/1 -> 0.815 | K13: 326 | L13: =M13/(2*200)/1 -> 0.785 | M13: 314 | N13: =O13/(5*200)*1 -> 0.717 | O13: 717 | P13: =Q13/(5*200)*1 -> 0.778 | Q13: 778 | R13: =S13/(1*200)*1 -> 0.81 | S13: 162 | T13: =U13/(1*200)*1 -> 0.61 | U13: 122 | V13: ='Load Factor Sheet June Acft '!J13 -> 0.81 | W13: ='Load Factor Sheet June Acft '!K13 -> 9 | X13: ='Load Factor Sheet June Acft '!L13 -> 0.54 | Y13: ='Load Factor Sheet June Acft '!M13 -> 6 | Z13: ='Load Factor Sheet June Acft '!N13 -> 0.86948094 | AA13: ='Load Factor Sheet June Acft '!Q13 -> 0.84320482 | AB13: ='Load Factor Sheet June Acft '!T13 -> 0.85634288
A14: 46214 | B14: =C14/(14*200)/1 -> 0.86892857 | C14: ='Load Factor Sheet June Acft '!C14-K14-O14-S14 -> 2433 | D14: =E14/(14*200)/1 -> 0.82892857 | E14: ='Load Factor Sheet June Acft '!E14-M14-Q14-U14 -> 2321 | F14: ='Load Factor Sheet June Acft '!F14 -> 0.94444444 | G14: ='Load Factor Sheet June Acft '!G14 -> 221 | H14: ='Load Factor Sheet June Acft '!H14 -> 0.85897436 | I14: ='Load Factor Sheet June Acft '!I14 -> 201 | J14: =K14/(2*200)/1 -> 0.845 | K14: 338 | L14: =M14/(2*200)/1 -> 0.68 | M14: 272 | N14: =O14/(5*200)*1 -> 0.705 | O14: 705 | P14: =Q14/(5*200)*1 -> 0.699 | Q14: 699 | R14: =S14/(1*200)*1 -> 0 | S14: 0 | T14: =U14/(1*200)*1 -> 0 | U14: 0 | V14: ='Load Factor Sheet June Acft '!J14 -> 0.72 | W14: ='Load Factor Sheet June Acft '!K14 -> 8 | X14: ='Load Factor Sheet June Acft '!L14 -> 0.18 | Y14: ='Load Factor Sheet June Acft '!M14 -> 2 | Z14: ='Load Factor Sheet June Acft '!N14 -> 0.87320292 | AA14: ='Load Factor Sheet June Acft '!Q14 -> 0.82370964 | AB14: ='Load Factor Sheet June Acft '!T14 -> 0.84845628
A15: 46215 | B15: =C15/(14*200)/1 -> 0.92392857 | C15: ='Load Factor Sheet June Acft '!C15-K15-O15-S15 -> 2587 | D15: =E15/(14*200)/1 -> 0.88464286 | E15: ='Load Factor Sheet June Acft '!E15-M15-Q15-U15 -> 2477 | F15: ='Load Factor Sheet June Acft '!F15 -> 0.75213675 | G15: ='Load Factor Sheet June Acft '!G15 -> 176 | H15: ='Load Factor Sheet June Acft '!H15 -> 0.79487179 | I15: ='Load Factor Sheet June Acft '!I15 -> 186 | J15: =K15/(2*200)/1 -> 0.845 | K15: 338 | L15: =M15/(2*200)/1 -> 0.8225 | M15: 329 | N15: =O15/(5*200)*1 -> 0.71 | O15: 710 | P15: =Q15/(5*200)*1 -> 0.685 | Q15: 685 | R15: =S15/(1*200)*1 -> 0.86 | S15: 172 | T15: =U15/(1*200)*1 -> 0.58 | U15: 116 | V15: ='Load Factor Sheet June Acft '!J15 -> 0.36 | W15: ='Load Factor Sheet June Acft '!K15 -> 4 | X15: ='Load Factor Sheet June Acft '!L15 -> 0.09 | Y15: ='Load Factor Sheet June Acft '!M15 -> 1 | Z15: ='Load Factor Sheet June Acft '!N15 -> 0.85871204 | AA15: ='Load Factor Sheet June Acft '!Q15 -> 0.81714409 | AB15: ='Load Factor Sheet June Acft '!T15 -> 0.83792806
A16: 46216 | B16: =C16/(13*200)/1 -> 0.91423077 | C16: ='Load Factor Sheet June Acft '!C16-K16-O16-S16 -> 2377 | D16: =E16/(13*200)/1 -> 0.84653846 | E16: ='Load Factor Sheet June Acft '!E16-M16-Q16-U16 -> 2201 | F16: ='Load Factor Sheet June Acft '!F16 -> 0.8974359 | G16: ='Load Factor Sheet June Acft '!G16 -> 210 | H16: ='Load Factor Sheet June Acft '!H16 -> 0.76923077 | I16: ='Load Factor Sheet June Acft '!I16 -> 180 | J16: =K16/(2*200)/1 -> 0.835 | K16: 334 | L16: =M16/(2*200)/1 -> 0.845 | M16: 338 | N16: =O16/(5*200)*1 -> 0.636 | O16: 636 | P16: =Q16/(5*200)*1 -> 0.686 | Q16: 686 | R16: =S16/(1*200)*1 -> 0.81 | S16: 162 | T16: =U16/(1*200)*1 -> 0.66 | U16: 132 | V16: ='Load Factor Sheet June Acft '!J16 -> 0.81 | W16: ='Load Factor Sheet June Acft '!K16 -> 9 | X16: ='Load Factor Sheet June Acft '!L16 -> 0 | Y16: ='Load Factor Sheet June Acft '!M16 -> 0 | Z16: ='Load Factor Sheet June Acft '!N16 -> 0.8390727 | AA16: ='Load Factor Sheet June Acft '!Q16 -> 0.79608373 | AB16: ='Load Factor Sheet June Acft '!T16 -> 0.81757821
A17: 46217 | B17: =C17/(14*200)/1 -> 0.925 | C17: ='Load Factor Sheet June Acft '!C17-K17-O17-S17 -> 2590 | D17: =E17/(13*200)/1 -> 0.94461538 | E17: ='Load Factor Sheet June Acft '!E17-M17-Q17-U17 -> 2456 | F17: ='Load Factor Sheet June Acft '!F17 -> 0.57051282 | G17: ='Load Factor Sheet June Acft '!G17 -> 89 | H17: ='Load Factor Sheet June Acft '!H17 -> 0.73717949 | I17: ='Load Factor Sheet June Acft '!I17 -> 115 | J17: =K17/(2*200)/1 -> 0.845 | K17: 338 | L17: =M17/(2*200)/1 -> 0.6725 | M17: 269 | N17: =O17/(5*200)*1 -> 0.591 | O17: 591 | P17: =Q17/(5*200)*1 -> 0.735 | Q17: 735 | R17: =S17/(1*200)*1 -> 0 | S17: 0 | T17: =U17/(1*200)*1 -> 0 | U17: 0 | V17: ='Load Factor Sheet June Acft '!J17 -> 0.45 | W17: ='Load Factor Sheet June Acft '!K17 -> 5 | X17: ='Load Factor Sheet June Acft '!L17 -> 0.09 | Y17: ='Load Factor Sheet June Acft '!M17 -> 1 | Z17: ='Load Factor Sheet June Acft '!N17 -> 0.8277205 | AA17: ='Load Factor Sheet June Acft '!Q17 -> 0.81924399 | AB17: ='Load Factor Sheet June Acft '!T17 -> 0.82348225
A18: 46218 | B18: =C18/(13*200)/1 -> 0.90923077 | C18: ='Load Factor Sheet June Acft '!C18-K18-O18-S18 -> 2364 | D18: =E18/(13*200)/1 -> 0.72423077 | E18: ='Load Factor Sheet June Acft '!E18-M18-Q18-U18 -> 1883 | F18: ='Load Factor Sheet June Acft '!F18 -> 0.55128205 | G18: ='Load Factor Sheet June Acft '!G18 -> 86 | H18: ='Load Factor Sheet June Acft '!H18 -> 0.92948718 | I18: ='Load Factor Sheet June Acft '!I18 -> 145 | J18: =K18/(2*200)/1 -> 0.825 | K18: 330 | L18: =M18/(2*200)/1 -> 0.5225 | M18: 209 | N18: =O18/(5*200)*1 -> 0.761 | O18: 761 | P18: =Q18/(5*200)*1 -> 0.733 | Q18: 733 | R18: =S18/(1*200)*1 -> 0.855 | S18: 171 | T18: =U18/(1*200)*1 -> 0.7 | U18: 140 | V18: ='Load Factor Sheet June Acft '!J18 -> 0.27 | W18: ='Load Factor Sheet June Acft '!K18 -> 3 | X18: ='Load Factor Sheet June Acft '!L18 -> 0 | Y18: ='Load Factor Sheet June Acft '!M18 -> 0 | Z18: ='Load Factor Sheet June Acft '!N18 -> 0.8510882 | AA18: ='Load Factor Sheet June Acft '!Q18 -> 0.71248568 | AB18: ='Load Factor Sheet June Acft '!T18 -> 0.78178694
A19: 46219 | B19: =C19/(13*200)/1 -> 0.93115385 | C19: ='Load Factor Sheet June Acft '!C19-K19-O19-S19 -> 2421 | D19: =E19/(13*200)/1 -> 0.75884615 | E19: ='Load Factor Sheet June Acft '!E19-M19-Q19-U19 -> 1973 | F19: ='Load Factor Sheet June Acft '!F19 -> 0.71367521 | G19: ='Load Factor Sheet June Acft '!G19 -> 167 | H19: ='Load Factor Sheet June Acft '!H19 -> 0.81623932 | I19: ='Load Factor Sheet June Acft '!I19 -> 191 | J19: =K19/(2*200)/1 -> 0.8525 | K19: 341 | L19: =M19/(2*200)/1 -> 0.5475 | M19: 219 | N19: =O19/(5*200)*1 -> 0.58 | O19: 580 | P19: =Q19/(5*200)*1 -> 0.526 | Q19: 526 | R19: =S19/(1*200)*1 -> 0 | S19: 0 | T19: =U19/(1*200)*1 -> 0 | U19: 0 | V19: ='Load Factor Sheet June Acft '!J19 -> 0.36 | W19: ='Load Factor Sheet June Acft '!K19 -> 4 | X19: ='Load Factor Sheet June Acft '!L19 -> 0.81 | Y19: ='Load Factor Sheet June Acft '!M19 -> 9 | Z19: ='Load Factor Sheet June Acft '!N19 -> 0.804811 | AA19: ='Load Factor Sheet June Acft '!Q19 -> 0.66849943 | AB19: ='Load Factor Sheet June Acft '!T19 -> 0.73665521
A20: 46220 | B20: =C20/(14*200)/1 -> 0.93321429 | C20: ='Load Factor Sheet June Acft '!C20-K20-O20-S20 -> 2613 | D20: =E20/(13*200)/1 -> 0.88615385 | E20: ='Load Factor Sheet June Acft '!E20-M20-Q20-U20 -> 2304 | F20: ='Load Factor Sheet June Acft '!F20 -> 0.78846154 | G20: ='Load Factor Sheet June Acft '!G20 -> 123 | H20: ='Load Factor Sheet June Acft '!H20 -> 0.98076923 | I20: ='Load Factor Sheet June Acft '!I20 -> 153 | J20: =K20/(2*200)/1 -> 0.845 | K20: 338 | L20: =M20/(2*200)/1 -> 0.62 | M20: 248 | N20: =O20/(5*200)*1 -> 0.61 | O20: 610 | P20: =Q20/(5*200)*1 -> 0.584 | Q20: 584 | R20: =S20/(1*200)*1 -> 0 | S20: 0 | T20: =U20/(1*200)*1 -> 0 | U20: 0 | V20: ='Load Factor Sheet June Acft '!J20 -> 0.09 | W20: ='Load Factor Sheet June Acft '!K20 -> 1 | X20: ='Load Factor Sheet June Acft '!L20 -> 0.27 | Y20: ='Load Factor Sheet June Acft '!M20 -> 3 | Z20: ='Load Factor Sheet June Acft '!N20 -> 0.84421535 | AA20: ='Load Factor Sheet June Acft '!Q20 -> 0.75418099 | AB20: ='Load Factor Sheet June Acft '!T20 -> 0.79919817
A21: 46221 | B21: =C21/(13*200)/1 -> 0.97192308 | C21: ='Load Factor Sheet June Acft '!C21-K21-O21-S21 -> 2527 | D21: =E21/(13*200)/1 -> 0.81038462 | E21: ='Load Factor Sheet June Acft '!E21-M21-Q21-U21 -> 2107 | F21: ='Load Factor Sheet June Acft '!F21 -> 0.83760684 | G21: ='Load Factor Sheet June Acft '!G21 -> 196 | H21: ='Load Factor Sheet June Acft '!H21 -> 0.73504274 | I21: ='Load Factor Sheet June Acft '!I21 -> 172 | J21: =K21/(2*200)/1 -> 0.8275 | K21: 331 | L21: =M21/(2*200)/1 -> 0.5725 | M21: 229 | N21: =O21/(5*200)*1 -> 0.631 | O21: 631 | P21: =Q21/(5*200)*1 -> 0.582 | Q21: 582 | R21: =S21/(1*200)*1 -> 0 | S21: 0 | T21: =U21/(1*200)*1 -> 0 | U21: 0 | V21: ='Load Factor Sheet June Acft '!J21 -> 0.36 | W21: ='Load Factor Sheet June Acft '!K21 -> 4 | X21: ='Load Factor Sheet June Acft '!L21 -> 0.09 | Y21: ='Load Factor Sheet June Acft '!M21 -> 1 | Z21: ='Load Factor Sheet June Acft '!N21 -> 0.88571429 | AA21: ='Load Factor Sheet June Acft '!Q21 -> 0.74213685 | AB21: ='Load Factor Sheet June Acft '!T21 -> 0.81392557
A22: 46222 | B22: =C22/(13*200)/1 -> 0.99615385 | C22: ='Load Factor Sheet June Acft '!C22-K22-O22-S22 -> 2590 | D22: =E22/(13*200)/1 -> 0.79115385 | E22: ='Load Factor Sheet June Acft '!E22-M22-Q22-U22 -> 2057 | F22: ='Load Factor Sheet June Acft '!F22 -> 0.73717949 | G22: ='Load Factor Sheet June Acft '!G22 -> 115 | H22: ='Load Factor Sheet June Acft '!H22 -> 0.48717949 | I22: ='Load Factor Sheet June Acft '!I22 -> 76 | J22: =K22/(2*200)/1 -> 0.8375 | K22: 335 | L22: =M22/(2*200)/1 -> 0.7975 | M22: 319 | N22: =O22/(5*200)*1 -> 0.606 | O22: 606 | P22: =Q22/(5*200)*1 -> 0.647 | Q22: 647 | R22: =S22/(1*200)*1 -> 0.8 | S22: 160 | T22: =U22/(1*200)*1 -> 0.66 | U22: 132 | V22: ='Load Factor Sheet June Acft '!J22 -> 0.09 | W22: ='Load Factor Sheet June Acft '!K22 -> 1 | X22: ='Load Factor Sheet June Acft '!L22 -> 0.54 | Y22: ='Load Factor Sheet June Acft '!M22 -> 6 | Z22: ='Load Factor Sheet June Acft '!N22 -> 0.87216495 | AA22: ='Load Factor Sheet June Acft '!Q22 -> 0.74158076 | AB22: ='Load Factor Sheet June Acft '!T22 -> 0.80687285
A23: 46223 | B23: =C23/(14*200)/1 -> 0.91785714 | C23: ='Load Factor Sheet June Acft '!C23-K23-O23-S23 -> 2570 | D23: =E23/(13*200)/1 -> 0.845 | E23: ='Load Factor Sheet June Acft '!E23-M23-Q23-U23 -> 2197 | F23: ='Load Factor Sheet June Acft '!F23 -> 0.82905983 | G23: ='Load Factor Sheet June Acft '!G23 -> 194 | H23: ='Load Factor Sheet June Acft '!H23 -> 0.73931624 | I23: ='Load Factor Sheet June Acft '!I23 -> 173 | J23: =K23/(2*200)/1 -> 0.8575 | K23: 343 | L23: =M23/(2*200)/1 -> 0.725 | M23: 290 | N23: =O23/(5*200)*1 -> 0.683 | O23: 683 | P23: =Q23/(5*200)*1 -> 0.709 | Q23: 709 | R23: =S23/(1*200)*1 -> 0.805 | S23: 161 | T23: =U23/(1*200)*1 -> 0.755 | U23: 151 | V23: ='Load Factor Sheet June Acft '!J23 -> 0.18 | W23: ='Load Factor Sheet June Acft '!K23 -> 2 | X23: ='Load Factor Sheet June Acft '!L23 -> 0.27 | Y23: ='Load Factor Sheet June Acft '!M23 -> 3 | Z23: ='Load Factor Sheet June Acft '!N23 -> 0.90561283 | AA23: ='Load Factor Sheet June Acft '!Q23 -> 0.80710195 | AB23: ='Load Factor Sheet June Acft '!T23 -> 0.85635739
A24: 46224 | B24: =C24/(14*200)/1 -> 0.98678571 | C24: ='Load Factor Sheet June Acft '!C24-K24-O24-S24 -> 2763 | D24: =E24/(14*200)/1 -> 0.86392857 | E24: ='Load Factor Sheet June Acft '!E24-M24-Q24-U24 -> 2419 | F24: ='Load Factor Sheet June Acft '!F24 -> 0.67948718 | G24: ='Load Factor Sheet June Acft '!G24 -> 106 | H24: ='Load Factor Sheet June Acft '!H24 -> 0.77564103 | I24: ='Load Factor Sheet June Acft '!I24 -> 121 | J24: =K24/(2*200)/1 -> 0.835 | K24: 334 | L24: =M24/(2*200)/1 -> 0.815 | M24: 326 | N24: =O24/(5*200)*1 -> 0.607 | O24: 607 | P24: =Q24/(5*200)*1 -> 0.642 | Q24: 642 | R24: =S24/(1*200)*1 -> 0 | S24: 0 | T24: =U24/(1*200)*1 -> 0 | U24: 0 | V24: ='Load Factor Sheet June Acft '!J24 -> 0.81 | W24: ='Load Factor Sheet June Acft '!K24 -> 9 | X24: ='Load Factor Sheet June Acft '!L24 -> 0.63 | Y24: ='Load Factor Sheet June Acft '!M24 -> 7 | Z24: ='Load Factor Sheet June Acft '!N24 -> 0.87491409 | AA24: ='Load Factor Sheet June Acft '!Q24 -> 0.80526919 | AB24: ='Load Factor Sheet June Acft '!T24 -> 0.84009164
A25: 46225 | B25: =C25/(14*200)/1 -> 0.94714286 | C25: ='Load Factor Sheet June Acft '!C25-K25-O25-S25 -> 2652 | D25: =E25/(14*200)/1 -> 0.7725 | E25: ='Load Factor Sheet June Acft '!E25-M25-Q25-U25 -> 2163 | F25: ='Load Factor Sheet June Acft '!F25 -> 0.82051282 | G25: ='Load Factor Sheet June Acft '!G25 -> 128 | H25: ='Load Factor Sheet June Acft '!H25 -> 0.62820513 | I25: ='Load Factor Sheet June Acft '!I25 -> 147 | J25: =K25/(2*200)/1 -> 0.84 | K25: 336 | L25: =M25/(2*200)/1 -> 0.605 | M25: 242 | N25: =O25/(5*200)*1 -> 0.594 | O25: 594 | P25: =Q25/(5*200)*1 -> 0.675 | Q25: 675 | R25: =S25/(1*200)*1 -> 0.785 | S25: 157 | T25: =U25/(1*200)*1 -> 0.775 | U25: 155 | V25: ='Load Factor Sheet June Acft '!J25 -> 0.72 | W25: ='Load Factor Sheet June Acft '!K25 -> 8 | X25: ='Load Factor Sheet June Acft '!L25 -> 0.54 | Y25: ='Load Factor Sheet June Acft '!M25 -> 6 | Z25: ='Load Factor Sheet June Acft '!N25 -> 0.88774341 | AA25: ='Load Factor Sheet June Acft '!Q25 -> 0.77617411 | AB25: ='Load Factor Sheet June Acft '!T25 -> 0.83195876
A26: 46226 | B26: =C26/(13*200)/1 -> 0.96230769 | C26: ='Load Factor Sheet June Acft '!C26-K26-O26-S26 -> 2502 | D26: =E26/(13*200)/1 -> 0.85230769 | E26: ='Load Factor Sheet June Acft '!E26-M26-Q26-U26 -> 2216 | F26: ='Load Factor Sheet June Acft '!F26 -> 0.95299145 | G26: ='Load Factor Sheet June Acft '!G26 -> 223 | H26: ='Load Factor Sheet June Acft '!H26 -> 0.82051282 | I26: ='Load Factor Sheet June Acft '!I26 -> 192 | J26: =K26/(2*200)/1 -> 0.83 | K26: 332 | L26: =M26/(2*200)/1 -> 0.735 | M26: 294 | N26: =O26/(5*200)*1 -> 0.679 | O26: 679 | P26: =Q26/(5*200)*1 -> 0.655 | Q26: 655 | R26: =S26/(1*200)*1 -> 0 | S26: 0 | T26: =U26/(1*200)*1 -> 0 | U26: 0 | V26: ='Load Factor Sheet June Acft '!J26 -> 0.18 | W26: ='Load Factor Sheet June Acft '!K26 -> 2 | X26: ='Load Factor Sheet June Acft '!L26 -> 0.09 | Y26: ='Load Factor Sheet June Acft '!M26 -> 1 | Z26: ='Load Factor Sheet June Acft '!N26 -> 0.89747899 | AA26: ='Load Factor Sheet June Acft '!Q26 -> 0.8062425 | AB26: ='Load Factor Sheet June Acft '!T26 -> 0.85186074
A27: 46227 | B27: =C27/(14*200)/1 -> 0.97857143 | C27: ='Load Factor Sheet June Acft '!C27-K27-O27-S27 -> 2740 | D27: =E27/(14*200)/1 -> 0.95285714 | E27: ='Load Factor Sheet June Acft '!E27-M27-Q27-U27 -> 2668 | F27: ='Load Factor Sheet June Acft '!F27 -> 0.84615385 | G27: ='Load Factor Sheet June Acft '!G27 -> 132 | H27: ='Load Factor Sheet June Acft '!H27 -> 0.88461538 | I27: ='Load Factor Sheet June Acft '!I27 -> 138 | J27: =K27/(2*200)/1 -> 0.86 | K27: 344 | L27: =M27/(2*200)/1 -> 0.79 | M27: 316 | N27: =O27/(5*200)*1 -> 0.705 | O27: 705 | P27: =Q27/(5*200)*1 -> 0.713 | Q27: 713 | R27: =S27/(1*200)*1 -> 0 | S27: 0 | T27: =U27/(1*200)*1 -> 0 | U27: 0 | V27: ='Load Factor Sheet June Acft '!J27 -> 0.54 | W27: ='Load Factor Sheet June Acft '!K27 -> 6 | X27: ='Load Factor Sheet June Acft '!L27 -> 0.45 | Y27: ='Load Factor Sheet June Acft '!M27 -> 5 | Z27: ='Load Factor Sheet June Acft '!N27 -> 0.89965636 | AA27: ='Load Factor Sheet June Acft '!Q27 -> 0.87972509 | AB27: ='Load Factor Sheet June Acft '!T27 -> 0.88969072
A28: 46228 | B28: =C28/(14*200)/1 -> 0.92142857 | C28: ='Load Factor Sheet June Acft '!C28-K28-O28-S28 -> 2580 | D28: =E28/(14*200)/1 -> 0.82428571 | E28: ='Load Factor Sheet June Acft '!E28-M28-Q28-U28 -> 2308 | F28: ='Load Factor Sheet June Acft '!F28 -> 0.86752137 | G28: ='Load Factor Sheet June Acft '!G28 -> 203 | H28: ='Load Factor Sheet June Acft '!H28 -> 0.84188034 | I28: ='Load Factor Sheet June Acft '!I28 -> 197 | J28: =K28/(2*200)/1 -> 0.8275 | K28: 331 | L28: =M28/(2*200)/1 -> 0.82 | M28: 328 | N28: =O28/(5*200)*1 -> 0.526 | O28: 526 | P28: =Q28/(5*200)*1 -> 0.618 | Q28: 618 | R28: =S28/(1*200)*1 -> 0.705 | S28: 141 | T28: =U28/(1*200)*1 -> 0.81 | U28: 162 | V28: ='Load Factor Sheet June Acft '!J28 -> 0 | W28: ='Load Factor Sheet June Acft '!K28 -> 0 | X28: ='Load Factor Sheet June Acft '!L28 -> 0 | Y28: ='Load Factor Sheet June Acft '!M28 -> 0 | Z28: ='Load Factor Sheet June Acft '!N28 -> 0.90976901 | AA28: ='Load Factor Sheet June Acft '!Q28 -> 0.86934552 | AB28: ='Load Factor Sheet June Acft '!T28 -> 0.88955727
A29: 46229 | B29: =C29/(14*200)/1 -> 0.97857143 | C29: ='Load Factor Sheet June Acft '!C29-K29-O29-S29 -> 2740 | D29: =E29/(14*200)/1 -> 0.89571429 | E29: ='Load Factor Sheet June Acft '!E29-M29-Q29-U29 -> 2508 | F29: ='Load Factor Sheet June Acft '!F29 -> 0.97435897 | G29: ='Load Factor Sheet June Acft '!G29 -> 152 | H29: ='Load Factor Sheet June Acft '!H29 -> 0.80128205 | I29: ='Load Factor Sheet June Acft '!I29 -> 125 | J29: =K29/(2*200)/1 -> 0.8475 | K29: 339 | L29: =M29/(2*200)/1 -> 0.795 | M29: 318 | N29: =O29/(5*200)*1 -> 0.686 | O29: 686 | P29: =Q29/(5*200)*1 -> 0.742 | Q29: 742 | R29: =S29/(1*200)*1 -> 0.705 | S29: 141 | T29: =U29/(1*200)*1 -> 0.9 | U29: 180 | V29: ='Load Factor Sheet June Acft '!J29 -> 0 | W29: ='Load Factor Sheet June Acft '!K29 -> 0 | X29: ='Load Factor Sheet June Acft '!L29 -> 0 | Y29: ='Load Factor Sheet June Acft '!M29 -> 0 | Z29: ='Load Factor Sheet June Acft '!N29 -> 0.93158861 | AA29: ='Load Factor Sheet June Acft '!Q29 -> 0.88911846 | AB29: ='Load Factor Sheet June Acft '!T29 -> 0.91035354
A30: 46230 | B30: =C30/(14*200)/1 -> 0.785 | C30: ='Load Factor Sheet June Acft '!C30-K30-O30-S30 -> 2198 | D30: =E30/(13*200)/1 -> 0.96576923 | E30: ='Load Factor Sheet June Acft '!E30-M30-Q30-U30 -> 2511 | F30: ='Load Factor Sheet June Acft '!F30 -> 0.88034188 | G30: ='Load Factor Sheet June Acft '!G30 -> 206 | H30: ='Load Factor Sheet June Acft '!H30 -> 0.76495726 | I30: ='Load Factor Sheet June Acft '!I30 -> 179 | J30: =K30/(2*200)/1 -> 0.8375 | K30: 335 | L30: =M30/(2*200)/1 -> 0.8175 | M30: 327 | N30: =O30/(5*200)*1 -> 0.769 | O30: 769 | P30: =Q30/(5*200)*1 -> 0.65 | Q30: 650 | R30: =S30/(1*200)*1 -> 0.695 | S30: 139 | T30: =U30/(1*200)*1 -> 0.86 | U30: 172 | V30: ='Load Factor Sheet June Acft '!J30 -> 0.45 | W30: ='Load Factor Sheet June Acft '!K30 -> 5 | X30: ='Load Factor Sheet June Acft '!L30 -> 0.45 | Y30: ='Load Factor Sheet June Acft '!M30 -> 5 | Z30: ='Load Factor Sheet June Acft '!N30 -> 0.83665521 | AA30: ='Load Factor Sheet June Acft '!Q30 -> 0.88064147 | AB30: ='Load Factor Sheet June Acft '!T30 -> 0.85864834
A31: 46231 | B31: =C31/(14*200)/1 -> 0.91678571 | C31: 2567 | D31: =E31/(14*200)/1 -> 0.93321429 | E31: 2613 | F31: ='Load Factor Sheet June Acft '!F31 -> 0.74358974 | G31: ='Load Factor Sheet June Acft '!G31 -> 116 | H31: ='Load Factor Sheet June Acft '!H31 -> 0.74358974 | I31: ='Load Factor Sheet June Acft '!I31 -> 116 | J31: =K31/(2*200)/1 -> 0.82 | K31: 328 | L31: =M31/(2*200)/1 -> 0.85 | M31: 340 | N31: =O31/(5*200)*1 -> 0.629 | O31: 629 | P31: =Q31/(5*200)*1 -> 0.703 | Q31: 703 | R31: =S31/(1*200)*1 -> 0 | S31: 0 | T31: =U31/(1*200)*1 -> 0 | U31: 0 | V31: ='Load Factor Sheet June Acft '!J31 -> 0.18 | W31: ='Load Factor Sheet June Acft '!K31 -> 2 | X31: ='Load Factor Sheet June Acft '!L31 -> 0.45 | Y31: ='Load Factor Sheet June Acft '!M31 -> 5 | Z31: ='Load Factor Sheet June Acft '!N31 -> 0.83963345 | AA31: ='Load Factor Sheet June Acft '!Q31 -> 0.91477663 | AB31: ='Load Factor Sheet June Acft '!T31 -> 0.87720504
A32: 46232 | B32: =C32/(14*200)/1 -> 0.90857143 | C32: ='Load Factor Sheet June Acft '!C32-K32-O32-S32 -> 2544 | D32: =E32/(14*200)/1 -> 0.92535714 | E32: 2591 | F32: ='Load Factor Sheet June Acft '!F32 -> 0.50854701 | G32: ='Load Factor Sheet June Acft '!G32 -> 119 | H32: ='Load Factor Sheet June Acft '!H32 -> 0.62820513 | I32: ='Load Factor Sheet June Acft '!I32 -> 147 | J32: =K32/(2*200)/1 -> 0.7975 | K32: 319 | L32: =M32/(2*200)/1 -> 0.7875 | M32: 315 | N32: =O32/(5*200)*1 -> 0.629 | O32: 629 | P32: =Q32/(5*200)*1 -> 0.703 | Q32: 703 | R32: =S32/(1*200)*1 -> 0.695 | S32: 139 | T32: =U32/(1*200)*1 -> 0.86 | U32: 172 | V32: ='Load Factor Sheet June Acft '!J32 -> 0.54 | W32: ='Load Factor Sheet June Acft '!K32 -> 6 | X32: ='Load Factor Sheet June Acft '!L32 -> 0.27 | Y32: ='Load Factor Sheet June Acft '!M32 -> 3 | Z32: ='Load Factor Sheet June Acft '!N32 -> 0.8604811 | AA32: ='Load Factor Sheet June Acft '!Q32 -> 0.8930126 | AB32: ='Load Factor Sheet June Acft '!T32 -> 0.87674685
A33: 46233 | B33: =C33/(14*200)/1 -> 0.82428571 | C33: 2308 | D33: =E33/(14*200)/1 -> 0.79214286 | E33: 2218 | F33: ='Load Factor Sheet June Acft '!F33 -> 0.87179487 | G33: 204 | H33: ='Load Factor Sheet June Acft '!H33 -> 0.78632479 | I33: 184 | J33: =K33/(2*200)/1 -> 0.8 | K33: 320 | L33: =M33/(2*200)/1 -> 0.815 | M33: 326 | N33: =O33/(5*200)*1 -> 0.688 | O33: 688 | P33: =Q33/(5*200)*1 -> 0.681 | Q33: 681 | R33: =S33/(1*200)*1 -> 0 | S33: 0 | T33: =U33/(1*200)*1 -> 0 | U33: 0 | V33: ='Load Factor Sheet June Acft '!J33 -> 0 | W33: ='Load Factor Sheet June Acft '!K33 -> 0 | X33: ='Load Factor Sheet June Acft '!L33 -> 0.54 | Y33: 6 | Z33: ='Load Factor Sheet June Acft '!N33 -> 0.80641466 | AA33: ='Load Factor Sheet June Acft '!Q33 -> 0.78235968 | AB33: ='Load Factor Sheet June Acft '!T33 -> 0.79438717
A34: 46234
A35: TOTAL | C35: =SUM(C4:C33) -> 75645 | E35: =SUM(E4:E33) -> 71414 | G35: =SUM(G4:G33) -> 4934 | I35: =SUM(I4:I33) -> 4953 | K35: =SUM(K4:K33) -> 10130 | M35: =SUM(M4:M33) -> 9122 | O35: =SUM(O4:O33) -> 19230 | Q35: =SUM(Q4:Q33) -> 20431 | S35: =SUM(S4:S33) -> 2313 | U35: =SUM(U4:U33) -> 2280 | W35: =SUM(W4:W33) -> 131 | Y35: =SUM(Y4:Y33) -> 108 | Z35: ='Load Factor Sheet June Acft '!N34 -> 0.85185606 | AA35: ='Load Factor Sheet June Acft '!Q34 -> 0.82220757 | AB35: ='Load Factor Sheet June Acft '!T34 -> 0.83703182

Sheet Load Factor Sheet June Acft  
A1: May | J1: n
A2: Date | B2: 4800 (24*200) | C2: 320/321 Series & B737 series(6E,AI,IX,TR) | F2: 390 (78*4) | G2: ATR (6E) | J2: 9 (1*9) | K2: INIDA ONE (I7) | N2: Load Factor
B3: ARR LOAD FACTOR | C3: ARR PAX | D3: DEP LOAD FACTOR | E3: DEP PAX | F3: ARR LOAD FACTOR | G3: ARR PAX | H3: DEP LOAD FACTOR | I3: DEP PAX | J3: ARR LOAD FACTOR | K3: ARR PAX | L3: DEP LOAD FACTOR | M3: DEP PAX | N3: ARR LOAD FACTOR | O3: TTL ARR PAX | P3: TTL ARR CAP | Q3: DEP LOAD FACTOR | R3: TTL DEP PAX | S3: TTL DEP CAP | T3: Combined Load Factor
A4: 46174 | B4: =C4/(22*200)/1 -> 0.80977273 | C4: 3563 | D4: =E4/(22*200)/1 -> 0.87681818 | E4: 3858 | F4: =G4/(78*3)/1 -> 0.67948718 | G4: 159 | H4: =I4/(78*3)/1 -> 0.92735043 | I4: 217 | J4: =K4*9/100 -> 0.45 | K4: 5 | L4: =M4*9/100 -> 0 | M4: 0 | N4: =O4/P4*1 -> 0.80271376 | O4: =C4+G4+K4 -> 3727 | P4: =SUM(4400+234+9) -> 4643 | Q4: =R4/S4*1 -> 0.8776653 | R4: =E4+I4+M4 -> 4075 | S4: =P4 -> 4643 | T4: =(O4+R4)/(P4+S4)*1 -> 0.84018953
A5: 46175 | B5: =C5/(18*200)/1 -> 0.80555556 | C5: 2900 | D5: =E5/(18*200)/1 -> 0.945 | E5: 3402 | F5: =G5/(78*3)/1 -> 0.63247863 | G5: 148 | H5: =I5/(78*3)/1 -> 0.74786325 | I5: 175 | J5: =K5*9/100 -> 0 | K5: 0 | L5: =M5*9/100 -> 0.18 | M5: 2 | N5: =O5/P5*1 -> 0.65647211 | O5: =C5+G5+K5 -> 3048 | P5: =SUM(4400+234+9) -> 4643 | Q5: =R5/S5*1 -> 0.77083782 | R5: =E5+I5+M5 -> 3579 | S5: =P5 -> 4643 | T5: =(O5+R5)/(P5+S5)*1 -> 0.71365496
A6: 46176 | B6: =C6/(22*200)/1 -> 0.81 | C6: 3564 | D6: =E6/(22*200)/1 -> 0.85977273 | E6: 3783 | F6: =G6/(78*3)/1 -> 0.85897436 | G6: 201 | H6: =I6/(78*3)/1 -> 0.66666667 | I6: 156 | J6: =K6*9/100 -> 0.36 | K6: 4 | L6: =M6*9/100 -> 0.72 | M6: 8 | N6: =O6/P6*1 -> 0.81175964 | O6: =C6+G6+K6 -> 3769 | P6: =SUM(4400+234+9) -> 4643 | Q6: =R6/S6*1 -> 0.85009692 | R6: =E6+I6+M6 -> 3947 | S6: =P6 -> 4643 | T6: =(O6+R6)/(P6+S6)*1 -> 0.83092828
A7: 46177 | B7: =C7/(21*200)/1 -> 0.82880952 | C7: 3481 | D7: =E7/(21*200)/1 -> 0.82880952 | E7: 3481 | F7: =G7/(78*3)/1 -> 0.9017094 | G7: 211 | H7: =I7/(78*3)/1 -> 0.9017094 | I7: 211 | J7: =K7*9/100 -> 0.72 | K7: 8 | L7: =M7*9/100 -> 0.72 | M7: 8 | N7: =O7/P7*1 -> 0.83277065 | O7: =C7+G7+K7 -> 3700 | P7: =SUM(4200+234+9) -> 4443 | Q7: =R7/S7*1 -> 0.83277065 | R7: =E7+I7+M7 -> 3700 | S7: =P7 -> 4443 | T7: =(O7+R7)/(P7+S7)*1 -> 0.83277065
A8: 46178 | B8: =C8/(22*200)/1 -> 0.82977273 | C8: 3651 | D8: =E8/(22*200)/1 -> 0.85795455 | E8: 3775 | F8: =G8/(78*3)/1 -> 0.85042735 | G8: 199 | H8: =I8/(78*3)/1 -> 0.74786325 | I8: 175 | J8: =K8*9/100 -> 0.27 | K8: 3 | L8: =M8*9/100 -> 0.09 | M8: 1 | N8: =O8/P8*1 -> 0.86720684 | O8: =C8+G8+K8 -> 3853 | P8: =SUM(4200+234+9) -> 4443 | Q8: =R8/S8*1 -> 0.88926401 | R8: =E8+I8+M8 -> 3951 | S8: =P8 -> 4443 | T8: =(O8+R8)/(P8+S8)*1 -> 0.87823543
A9: 46179 | B9: =C9/(21*200)/1 -> 0.87166667 | C9: 3661 | D9: =E9/(21*200)/1 -> 0.91761905 | E9: 3854 | F9: =G9/(78*3)/1 -> 0.74358974 | G9: 174 | H9: =I9/(78*3)/1 -> 0.78632479 | I9: 184 | J9: =K9*9/100 -> 0.81 | K9: 9 | L9: =M9*9/100 -> 0.27 | M9: 3 | N9: =O9/P9*1 -> 0.86518118 | O9: =C9+G9+K9 -> 3844 | P9: =SUM(4200+234+9) -> 4443 | Q9: =R9/S9*1 -> 0.90952059 | R9: =E9+I9+M9 -> 4041 | S9: =P9 -> 4443 | T9: =(O9+R9)/(P9+S9)*1 -> 0.88735089
A10: 46180 | B10: =C10/(21*200)/1 -> 0.87119048 | C10: 3659 | D10: =E10/(21*200)/1 -> 0.90785714 | E10: 3813 | F10: =G10/(78*3)/1 -> 0.62820513 | G10: 147 | H10: =I10/(78*3)/1 -> 0.71367521 | I10: 167 | J10: =K10*9/100 -> 0.45 | K10: 5 | L10: =M10*9/100 -> 0.63 | M10: 7 | N10: =O10/P10*1 -> 0.85775377 | O10: =C10+G10+K10 -> 3811 | P10: =SUM(4200+234+9) -> 4443 | Q10: =R10/S10*1 -> 0.89736664 | R10: =E10+I10+M10 -> 3987 | S10: =P10 -> 4443 | T10: =(O10+R10)/(P10+S10)*1 -> 0.87756021
A11: 46181 | B11: =C11/(21*200)/1 -> 0.86428571 | C11: 3630 | D11: =E11/(24*200)/1 -> 0.7325 | E11: 3516 | F11: =G11/(78*3)/1 -> 0.7991453 | G11: 187 | H11: =I11/(78*3)/1 -> 0.71794872 | I11: 168 | J11: =K11*9/100 -> 0 | K11: 0 | L11: =M11*9/100 -> 0.27 | M11: 3 | N11: =O11/P11*1 -> 0.85910421 | O11: =C11+G11+K11 -> 3817 | P11: =SUM(4200+234+9) -> 4443 | Q11: =R11/S11*1 -> 0.8298447 | R11: =E11+I11+M11 -> 3687 | S11: =P11 -> 4443 | T11: =(O11+R11)/(P11+S11)*1 -> 0.84447445
A12: 46182 | B12: =C12/(20*200)/1 -> 0.86475 | C12: 3459 | D12: =E12/(20*200)/1 -> 0.7755 | E12: 3102 | F12: =G12/(78*3)/1 -> 0.62393162 | G12: 146 | H12: =I12/(78*3)/1 -> 0.81623932 | I12: 191 | J12: =K12*9/100 -> 0.18 | K12: 2 | L12: =M12*9/100 -> 0.18 | M12: 2 | N12: =O12/P12*1 -> 0.85010606 | O12: =C12+G12+K12 -> 3607 | P12: =SUM(4000+234+9) -> 4243 | Q12: =R12/S12*1 -> 0.77657318 | R12: =E12+I12+M12 -> 3295 | S12: =P12 -> 4243 | T12: =(O12+R12)/(P12+S12)*1 -> 0.81333962
A13: 46183 | B13: =C13/(22*200)/1 -> 0.87090909 | C13: 3832 | D13: =E13/(22*200)/1 -> 0.84954545 | E13: 3738 | F13: =G13/(78*3)/1 -> 0.83760684 | G13: 196 | H13: =I13/(78*3)/1 -> 0.73076923 | I13: 171 | J13: =K13*9/100 -> 0.81 | K13: 9 | L13: =M13*9/100 -> 0.54 | M13: 6 | N13: =O13/P13*1 -> 0.86948094 | O13: =C13+G13+K13 -> 4037 | P13: =SUM(4400+234+9) -> 4643 | Q13: =R13/S13*1 -> 0.84320482 | R13: =E13+I13+M13 -> 3915 | S13: =P13 -> 4643 | T13: =(O13+R13)/(P13+S13)*1 -> 0.85634288
A14: 46184 | B14: =C14/(20*200)/1 -> 0.869 | C14: 3476 | D14: =E14/(20*200)/1 -> 0.823 | E14: 3292 | F14: =G14/(78*3)/1 -> 0.94444444 | G14: 221 | H14: =I14/(78*3)/1 -> 0.85897436 | I14: 201 | J14: =K14*9/100 -> 0.72 | K14: 8 | L14: =M14*9/100 -> 0.18 | M14: 2 | N14: =O14/P14*1 -> 0.87320292 | O14: =C14+G14+K14 -> 3705 | P14: =SUM(4000+234+9) -> 4243 | Q14: =R14/S14*1 -> 0.82370964 | R14: =E14+I14+M14 -> 3495 | S14: =P14 -> 4243 | T14: =(O14+R14)/(P14+S14)*1 -> 0.84845628
A15: 46185 | B15: =C15/(22*200)/1 -> 0.86522727 | C15: 3807 | D15: =E15/(22*200)/1 -> 0.81977273 | E15: 3607 | F15: =G15/(78*3)/1 -> 0.75213675 | G15: 176 | H15: =I15/(78*3)/1 -> 0.79487179 | I15: 186 | J15: =K15*9/100 -> 0.36 | K15: 4 | L15: =M15*9/100 -> 0.09 | M15: 1 | N15: =O15/P15*1 -> 0.85871204 | O15: =C15+G15+K15 -> 3987 | P15: =SUM(4400+234+9) -> 4643 | Q15: =R15/S15*1 -> 0.81714409 | R15: =E15+I15+M15 -> 3794 | S15: =P15 -> 4643 | T15: =(O15+R15)/(P15+S15)*1 -> 0.83792806
A16: 46186 | B16: =C16/(21*200)/1 -> 0.83547619 | C16: 3509 | D16: =E16/(21*200)/1 -> 0.79928571 | E16: 3357 | F16: =G16/(78*3)/1 -> 0.8974359 | G16: 210 | H16: =I16/(78*3)/1 -> 0.76923077 | I16: 180 | J16: =K16*9/100 -> 0.81 | K16: 9 | L16: =M16*9/100 -> 0 | M16: 0 | N16: =O16/P16*1 -> 0.8390727 | O16: =C16+G16+K16 -> 3728 | P16: =SUM(4200+234+9) -> 4443 | Q16: =R16/S16*1 -> 0.79608373 | R16: =E16+I16+M16 -> 3537 | S16: =P16 -> 4443 | T16: =(O16+R16)/(P16+S16)*1 -> 0.81757821
A17: 46187 | B17: =C17/(21*200)/1 -> 0.83785714 | C17: 3519 | D17: =E17/(21*200)/1 -> 0.82380952 | E17: 3460 | F17: =G17/(78*2)/1 -> 0.57051282 | G17: 89 | H17: =I17/(78*2)/1 -> 0.73717949 | I17: 115 | J17: =K17*9/100 -> 0.45 | K17: 5 | L17: =M17*9/100 -> 0.09 | M17: 1 | N17: =O17/P17*1 -> 0.8277205 | O17: =C17+G17+K17 -> 3613 | P17: =SUM(4200+156+9) -> 4365 | Q17: =R17/S17*1 -> 0.81924399 | R17: =E17+I17+M17 -> 3576 | S17: =P17 -> 4365 | T17: =(O17+R17)/(P17+S17)*1 -> 0.82348225
A18: 46188 | B18: =C18/(21*200)/1 -> 0.86333333 | C18: 3626 | D18: =E18/(21*200)/1 -> 0.70595238 | E18: 2965 | F18: =G18/(78*2)/1 -> 0.55128205 | G18: 86 | H18: =I18/(78*2)/1 -> 0.92948718 | I18: 145 | J18: =K18*9/100 -> 0.27 | K18: 3 | L18: =M18*9/100 -> 0 | M18: 0 | N18: =O18/P18*1 -> 0.8510882 | O18: =C18+G18+K18 -> 3715 | P18: =SUM(4200+156+9) -> 4365 | Q18: =R18/S18*1 -> 0.71248568 | R18: =E18+I18+M18 -> 3110 | S18: =P18 -> 4365 | T18: =(O18+R18)/(P18+S18)*1 -> 0.78178694
A19: 46189 | B19: =C19/(20*200)/1 -> 0.8355 | C19: 3342 | D19: =E19/(20*200)/1 -> 0.6795 | E19: 2718 | F19: =G19/(78*3)/1 -> 0.71367521 | G19: 167 | H19: =I19/(78*3)/1 -> 0.81623932 | I19: 191 | J19: =K19*9/100 -> 0.36 | K19: 4 | L19: =M19*9/100 -> 0.81 | M19: 9 | N19: =O19/P19*1 -> 0.804811 | O19: =C19+G19+K19 -> 3513 | P19: =SUM(4200+156+9) -> 4365 | Q19: =R19/S19*1 -> 0.66849943 | R19: =E19+I19+M19 -> 2918 | S19: =P19 -> 4365 | T19: =(O19+R19)/(P19+S19)*1 -> 0.73665521
A20: 46190 | B20: =C20/(21*200)/1 -> 0.84785714 | C20: 3561 | D20: =E20/(21*200)/1 -> 0.74666667 | E20: 3136 | F20: =G20/(78*2)/1 -> 0.78846154 | G20: 123 | H20: =I20/(78*2)/1 -> 0.98076923 | I20: 153 | J20: =K20*9/100 -> 0.09 | K20: 1 | L20: =M20*9/100 -> 0.27 | M20: 3 | N20: =O20/P20*1 -> 0.84421535 | O20: =C20+G20+K20 -> 3685 | P20: =SUM(4200+156+9) -> 4365 | Q20: =R20/S20*1 -> 0.75418099 | R20: =E20+I20+M20 -> 3292 | S20: =P20 -> 4365 | T20: =(O20+R20)/(P20+S20)*1 -> 0.79919817
A21: 46191 | B21: =C21/(20*200)/1 -> 0.87225 | C21: 3489 | D21: =E21/(20*200)/1 -> 0.7295 | E21: 2918 | F21: =G21/(78*3)/1 -> 0.83760684 | G21: 196 | H21: =I21/(78*3)/1 -> 0.73504274 | I21: 172 | J21: =K21*9/100 -> 0.36 | K21: 4 | L21: =M21*9/100 -> 0.09 | M21: 1 | N21: =O21/P21*1 -> 0.88571429 | O21: =C21+G21+K21 -> 3689 | P21: =SUM(4000+156+9) -> 4165 | Q21: =R21/S21*1 -> 0.74213685 | R21: =E21+I21+M21 -> 3091 | S21: =P21 -> 4165 | T21: =(O21+R21)/(P21+S21)*1 -> 0.81392557
A22: 46192 | B22: =C22/(22*200)/1 -> 0.83886364 | C22: 3691 | D22: =E22/(21*200)/1 -> 0.75119048 | E22: 3155 | F22: =G22/(78*2)/1 -> 0.73717949 | G22: 115 | H22: =I22/(78*2)/1 -> 0.48717949 | I22: 76 | J22: =K22*9/100 -> 0.09 | K22: 1 | L22: =M22*9/100 -> 0.54 | M22: 6 | N22: =O22/P22*1 -> 0.87216495 | O22: =C22+G22+K22 -> 3807 | P22: =SUM(4200+156+9) -> 4365 | Q22: =R22/S22*1 -> 0.74158076 | R22: =E22+I22+M22 -> 3237 | S22: =P22 -> 4365 | T22: =(O22+R22)/(P22+S22)*1 -> 0.80687285
A23: 46193 | B23: =C23/(21*200)/1 -> 0.89452381 | C23: 3757 | D23: =E23/(21*200)/1 -> 0.79690476 | E23: 3347 | F23: =G23/(78*3)/1 -> 0.82905983 | G23: 194 | H23: =I23/(78*3)/1 -> 0.73931624 | I23: 173 | J23: =K23*9/100 -> 0.18 | K23: 2 | L23: =M23*9/100 -> 0.27 | M23: 3 | N23: =O23/P23*1 -> 0.90561283 | O23: =C23+G23+K23 -> 3953 | P23: =SUM(4200+156+9) -> 4365 | Q23: =R23/S23*1 -> 0.80710195 | R23: =E23+I23+M23 -> 3523 | S23: =P23 -> 4365 | T23: =(O23+R23)/(P23+S23)*1 -> 0.85635739
A24: 46194 | B24: =C24/(21*200)/1 -> 0.88190476 | C24: 3704 | D24: =E24/(20*200)/1 -> 0.84675 | E24: 3387 | F24: =G24/(78*2)/1 -> 0.67948718 | G24: 106 | H24: =I24/(78*2)/1 -> 0.77564103 | I24: 121 | J24: =K24*9/100 -> 0.81 | K24: 9 | L24: =M24*9/100 -> 0.63 | M24: 7 | N24: =O24/P24*1 -> 0.87491409 | O24: =C24+G24+K24 -> 3819 | P24: =SUM(4200+156+9) -> 4365 | Q24: =R24/S24*1 -> 0.80526919 | R24: =E24+I24+M24 -> 3515 | S24: =P24 -> 4365 | T24: =(O24+R24)/(P24+S24)*1 -> 0.84009164
A25: 46195 | B25: =C25/(22*200)/1 -> 0.84977273 | C25: 3739 | D25: =E25/(22*200)/1 -> 0.73522727 | E25: 3235 | F25: =G25/(78*2)/1 -> 0.82051282 | G25: 128 | H25: =I25/(78*3)/1 -> 0.62820513 | I25: 147 | J25: =K25*9/100 -> 0.72 | K25: 8 | L25: =M25*9/100 -> 0.54 | M25: 6 | N25: =O25/P25*1 -> 0.88774341 | O25: =C25+G25+K25 -> 3875 | P25: =SUM(4200+156+9) -> 4365 | Q25: =R25/S25*1 -> 0.77617411 | R25: =E25+I25+M25 -> 3388 | S25: =P25 -> 4365 | T25: =(O25+R25)/(P25+S25)*1 -> 0.83195876
A26: 46196 | B26: =C26/(20*200)/1 -> 0.87825 | C26: 3513 | D26: =E26/(20*200)/1 -> 0.79125 | E26: 3165 | F26: =G26/(78*3)/1 -> 0.95299145 | G26: 223 | H26: =I26/(78*3)/1 -> 0.82051282 | I26: 192 | J26: =K26*9/100 -> 0.18 | K26: 2 | L26: =M26*9/100 -> 0.09 | M26: 1 | N26: =O26/P26*1 -> 0.89747899 | O26: =C26+G26+K26 -> 3738 | P26: =SUM(4000+156+9) -> 4165 | Q26: =R26/S26*1 -> 0.8062425 | R26: =E26+I26+M26 -> 3358 | S26: =P26 -> 4165 | T26: =(O26+R26)/(P26+S26)*1 -> 0.85186074
A27: 46197 | B27: =C27/(21*200)/1 -> 0.90214286 | C27: 3789 | D27: =E27/(21*200)/1 -> 0.8802381 | E27: 3697 | F27: =G27/(78*2)/1 -> 0.84615385 | G27: 132 | H27: =I27/(78*2)/1 -> 0.88461538 | I27: 138 | J27: =K27*9/100 -> 0.54 | K27: 6 | L27: =M27*9/100 -> 0.45 | M27: 5 | N27: =O27/P27*1 -> 0.89965636 | O27: =C27+G27+K27 -> 3927 | P27: =SUM(4200+156+9) -> 4365 | Q27: =R27/S27*1 -> 0.87972509 | R27: =E27+I27+M27 -> 3840 | S27: =P27 -> 4365 | T27: =(O27+R27)/(P27+S27)*1 -> 0.88969072
A28: 46198 | B28: =C28/(20*200)/1 -> 0.8945 | C28: 3578 | D28: =E28/(20*200)/1 -> 0.854 | E28: 3416 | F28: =G28/(78*3)/1 -> 0.86752137 | G28: 203 | H28: =I28/(78*3)/1 -> 0.84188034 | I28: 197 | J28: =K28*9/100 -> 0 | K28: 0 | L28: =M28*9/100 -> 0 | M28: 0 | N28: =O28/P28*1 -> 0.90976901 | O28: =C28+G28+K28 -> 3781 | P28: =SUM(4000+156+0) -> 4156 | Q28: =R28/S28*1 -> 0.86934552 | R28: =E28+I28+M28 -> 3613 | S28: =P28 -> 4156 | T28: =(O28+R28)/(P28+S28)*1 -> 0.88955727
A29: 46199 | B29: =C29/(22*200)/1 -> 0.88772727 | C29: 3906 | D29: =E29/(22*200)/1 -> 0.85181818 | E29: 3748 | F29: =G29/(78*2)/1 -> 0.97435897 | G29: 152 | H29: =I29/(78*2)/1 -> 0.80128205 | I29: 125 | J29: =K29*9/100 -> 0 | K29: 0 | L29: =M29*9/100 -> 0 | M29: 0 | N29: =O29/P29*1 -> 0.93158861 | O29: =C29+G29+K29 -> 4058 | P29: =SUM(4200+156+0) -> 4356 | Q29: =R29/S29*1 -> 0.88911846 | R29: =E29+I29+M29 -> 3873 | S29: =P29 -> 4356 | T29: =(O29+R29)/(P29+S29)*1 -> 0.91035354
A30: 46200 | B30: =C30/(21*200)/1 -> 0.81928571 | C30: 3441 | D30: =E30/(21*200)/1 -> 0.87142857 | E30: 3660 | F30: =G30/(78*3)/1 -> 0.88034188 | G30: 206 | H30: =I30/(78*3)/1 -> 0.76495726 | I30: 179 | J30: =K30*9/100 -> 0.45 | K30: 5 | L30: =M30*9/100 -> 0.45 | M30: 5 | N30: =O30/P30*1 -> 0.83665521 | O30: =C30+G30+K30 -> 3652 | P30: =SUM(4200+156+9) -> 4365 | Q30: =R30/S30*1 -> 0.88064147 | R30: =E30+I30+M30 -> 3844 | S30: =P30 -> 4365 | T30: =(O30+R30)/(P30+S30)*1 -> 0.85864834
A31: 46201 | B31: =C31/(21*200)/1 -> 0.84452381 | C31: 3547 | D31: =E31/(21*200)/1 -> 0.92190476 | E31: 3872 | F31: =G31/(78*2)/1 -> 0.74358974 | G31: 116 | H31: =I31/(78*2)/1 -> 0.74358974 | I31: 116 | J31: =K31*9/100 -> 0.18 | K31: 2 | L31: =M31*9/100 -> 0.45 | M31: 5 | N31: =O31/P31*1 -> 0.83963345 | O31: =C31+G31+K31 -> 3665 | P31: =SUM(4200+156+9) -> 4365 | Q31: =R31/S31*1 -> 0.91477663 | R31: =E31+I31+M31 -> 3993 | S31: =P31 -> 4365 | T31: =(O31+R31)/(P31+S31)*1 -> 0.87720504
A32: 46202 | B32: =C32/(22*200)/1 -> 0.82522727 | C32: 3631 | D32: =E32/(22*200)/1 -> 0.85181818 | E32: 3748 | F32: =G32/(78*3)/1 -> 0.50854701 | G32: 119 | H32: =I32/(78*3)/1 -> 0.62820513 | I32: 147 | J32: =K32*9/100 -> 0.54 | K32: 6 | L32: =M32*9/100 -> 0.27 | M32: 3 | N32: =O32/P32*1 -> 0.8604811 | O32: =C32+G32+K32 -> 3756 | P32: =SUM(4200+156+9) -> 4365 | Q32: =R32/S32*1 -> 0.8930126 | R32: =E32+I32+M32 -> 3898 | S32: =P32 -> 4365 | T32: =(O32+R32)/(P32+S32)*1 -> 0.87674685
A33: 46203 | B33: =C33/(20*200)/1 -> 0.829 | C33: 3316 | D33: =E33/(20*200)/1 -> 0.80625 | E33: 3225 | F33: =G33/(78*3)/1 -> 0.87179487 | G33: 204 | H33: =I33/(78*3)/1 -> 0.78632479 | I33: 184 | J33: =K33*9/100 -> 0 | K33: 0 | L33: =M33*9/100 -> 0.54 | M33: 6 | N33: =O33/P33*1 -> 0.80641466 | O33: =C33+G33+K33 -> 3520 | P33: =SUM(4200+156+9) -> 4365 | Q33: =R33/S33*1 -> 0.78235968 | R33: =E33+I33+M33 -> 3415 | S33: =P33 -> 4365 | T33: =(O33+R33)/(P33+S33)*1 -> 0.79438717
A34: TOTAL | C34: =SUM(C4:C33) -> 107341 | E34: =SUM(E4:E33) -> 103430 | G34: =SUM(G4:G33) -> 4934 | I34: =SUM(I4:I33) -> 4953 | K34: =SUM(K4:K33) -> 124 | M34: =SUM(M4:M33) -> 104 | N34: =O34/P34*1 -> 0.85185606 | O34: =C34+G34+K34 -> 112399 | P34: =SUM(P4:P33) -> 131946 | Q34: =R34/S34*1 -> 0.82220757 | R34: =SUM(R4:R33) -> 108487 | S34: =SUM(S4:S33) -> 131946 | T34: =(O34+R34)/(P34+S34)*1 -> 0.83703182
